{
    "$schema": "https://raw.githubusercontent.com/grafana/grafana/main/docs/sources/developers/plugins/plugin.schema.json",
    "type": "datasource",
    "name": "Smarter-Jaeger",
    "id": "bohat-smarterjaeger-datasource",
    "metrics": true,
    "info": {
        "description": "Jaeger datasource for Grafana with parallel request.",
        "author": {
            "name": "Bohat"
        },
        "keywords": [
            "datasource",
            "jaeger"
        ],
        "logos": {
            "small": "img/logo.svg",
            "large": "img/logo.svg"
        },
        "links": [],
        "screenshots": [],
        "version": "2.0.0",
        "updated": "2025-04-16"
    },
    "dependencies": {
        "grafanaDependency": ">=10.4.0",
        "plugins": []
    },
    "buildMode": "production"
}