{
    "$schema": "https://raw.githubusercontent.com/grafana/grafana/main/docs/sources/developers/plugins/plugin.schema.json",
    "type": "datasource",
    "name": "Smarter-Jaeger",
    "id": "bohat-smarterjaeger-datasource",
    "metrics": true,
    "info": {
        "description": "Jaeger datasource for Grafana with parallel request.",
        "author": {
            "name": "Bohat"
        },
        "keywords": [
            "datasource",
            "jaeger"
        ],
        "logos": {
            "small": "img/logo.svg",
            "large": "img/logo.svg"
        },
        "links": [
            {
                "name": "Project site",
                "url": "https://github.com/Bohatman/bohat-smarterjaeger-datasource/"
            }
        ],
        "screenshots": [
            {
                "name": "Jaeger",
                "path": "img/screenshots/datasource.png"
            },
            {
                "name": "Config",
                "path": "img/screenshots/config.png"
            },
            {
                "name": "Data",
                "path": "img/screenshots/data.png"
            }
        ],
        "version": "2.0.0",
        "updated": "2025-04-19"
    },
    "dependencies": {
        "grafanaDependency": ">=10.4.0",
        "plugins": []
    },
    "buildMode": "production"
}